{

    "world_data": {
        "name": "Dungeon Of Time",
        "author": "sossinayDev",
        "version": "1",
        "last_updated": "7. October 2024"
    },

    "ordered": [
        "easy/pistons.json",
        "easy/more_pistons.json",
        "easy/push.json",
        "medium/laser_labyrinth.json",
        "medium/StackingRigids.json"
    ],

    "tutorial": [
        "tutorial/tutorial1.json"
    ],
    "medium": [
        "medium/laser_labyrinth.json",
        "medium/StackingRigids.json"
    ],
    "easy": [
        "easy/pistons.json",
        "easy/more_pistons.json",
        "easy/push.json"
    ]
}