{
    "data": {
        "name": "Stacking rigids",
        "difficulty": "Medium",
        "door": 0,
        "clones": 3,
        "level_time": 7,
        "spawn_point": [
            -235,
            -125
        ]
    },
    "door_predicates": [
        {
            "type": "is_powered?",
            "target": "plate_1"
        },
        {
            "type": "is_powered?",
            "target": "plate_2"
        },
        {
            "type": "is_powered?",
            "target": "plate_3"
        }
    ],
    "items": [
        {
            "item": "crate",
            "position": [
                2,
                2
            ],
            "properties": {
                "moveable": 1
            }
        },
        {
            "item": "crate",
            "position": [
                4,
                2
            ],
            "properties": {
                "moveable": 1
            }
        },
        {
            "item": "crate",
            "position": [
                6,
                2
            ],
            "properties": {
                "moveable": 1
            }
        },
        {
            "item": "heavy_pressure_plate",
            "position": [
                7,
                2
            ],
            "properties": {
                "powered": 0,
                "locked": 0,
                "powerid": "plate_1"
            }
        },
        {
            "item": "heavy_pressure_plate",
            "position": [
                8,
                2
            ],
            "properties": {
                "powered": 0,
                "locked": 0,
                "powerid": "plate_2"
            }
        },
        {
            "item": "heavy_pressure_plate",
            "position": [
                9,
                2
            ],
            "properties": {
                "powered": 0,
                "locked": 0,
                "powerid": "plate_3"
            }
        }
    ]
}